{"cameraMode":{"drawMode":0,"name":"Shaded","section":"Shading Mode"},"sceneLighting":false,"audioPlay":false,"sceneViewState":{"showFog":true,"showMaterialUpdate":true,"showSkybox":false,"showFlares":true,"showImageEffects":true,"showParticleSystems":true},"in2DMode":false,"pivot":{"x":973.9283447265625,"y":540.0,"z":23.6299991607666},"rotation":{"x":0.08580383658409119,"y":0.6679604649543762,"z":-0.07843101769685745,"w":0.7355872988700867},"size":1143.229248046875,"orthographic":false}