{"cameraMode":{"drawMode":0,"name":"Shaded","section":"Shading Mode"},"sceneLighting":false,"audioPlay":false,"sceneViewState":{"showFog":true,"showMaterialUpdate":true,"showSkybox":false,"showFlares":true,"showImageEffects":true,"showParticleSystems":true},"in2DMode":false,"pivot":{"x":-19.74250030517578,"y":5.2270002365112309,"z":37.54499816894531},"rotation":{"x":0.11177109181880951,"y":-0.01399861741811037,"z":0.001240867073647678,"w":0.9940448999404907},"size":19.957529067993165,"orthographic":false}