{"cameraMode":{"drawMode":0,"name":"Shaded","section":"Shading Mode"},"sceneLighting":false,"audioPlay":false,"sceneViewState":{"showFog":true,"showMaterialUpdate":true,"showSkybox":false,"showFlares":true,"showImageEffects":true,"showParticleSystems":true},"in2DMode":false,"pivot":{"x":-57.01349639892578,"y":27.907196044921876,"z":-101.29429626464844},"rotation":{"x":0.13029198348522187,"y":0.16404668986797334,"z":-0.02532094530761242,"w":0.9783244729042053},"size":75.82571411132813,"orthographic":false}