{"cameraMode":{"drawMode":0,"name":"Shaded","section":"Shading Mode"},"sceneLighting":false,"audioPlay":false,"sceneViewState":{"showFog":true,"showMaterialUpdate":true,"showSkybox":false,"showFlares":true,"showImageEffects":true,"showParticleSystems":true},"in2DMode":false,"pivot":{"x":0.12057429552078247,"y":4.810376167297363,"z":-2.307415246963501},"rotation":{"x":-0.18565726280212403,"y":-0.6531111001968384,"z":0.17088715732097627,"w":-0.7144347429275513},"size":2.5294437408447267,"orthographic":false}