{"cameraMode":{"drawMode":0,"name":"Shaded","section":"Shading Mode"},"sceneLighting":false,"audioPlay":false,"sceneViewState":{"showFog":true,"showMaterialUpdate":true,"showSkybox":false,"showFlares":true,"showImageEffects":true,"showParticleSystems":true},"in2DMode":false,"pivot":{"x":-66.07205200195313,"y":28.23373794555664,"z":0.8156776428222656},"rotation":{"x":0.020619388669729234,"y":-0.967919111251831,"z":0.07469338178634644,"w":0.24276508390903474},"size":58.89765167236328,"orthographic":false}